surfactant_1,assay,surfactant_1_ratio,surfactant_2,surfactant_2_ratio,CMC,R2
NaDC,c,1.0,N/A,0.0,5.559824611608414,0.9834265627544977
NaDC,b,1.0,N/A,0.0,5.4183594887856215,0.9559728121953445
NaC,b,1.0,N/A,0.0,14.544441776954596,0.9872671345642697
NaC,c,1.0,N/A,0.0,15.428456745125791,0.9633138700068461
SDS,c,1.0,N/A,0.0,8.455977353673939,0.9417099039902567
SDS,b,1.0,N/A,0.0,8.743342892282408,0.9794525773203259
NaC,a,1.0,N/A,0.0,15.790352966255137,0.987047713796412
NaDC,a,1.0,N/A,0.0,5.572820983817425,0.9685695030956547
SDS,a,1.0,N/A,0.0,8.53713528967427,0.9811295236725668
DTAB,c,1.0,N/A,0.0,14.56735071624517,0.9518266600357875
DTAB,b,1.0,N/A,0.0,14.870444763442833,0.950072612945311
CTAB,b,1.0,N/A,0.0,1.0418232486626249,0.9570047791258169
CTAB,c,1.0,N/A,0.0,1.08820626320267,0.9342418137611768
TTAB,a,1.0,N/A,0.0,3.7801256618792864,0.9634092969704572
TTAB,b,1.0,N/A,0.0,3.7110226027077347,0.9749552747872873
TTAB,c,1.0,N/A,0.0,3.847266593107981,0.9733042190184413
CTAB,a,1.0,N/A,0.0,1.161134549412687,0.9571909132296569
DTAB,a,1.0,N/A,0.0,14.21867983687218,0.9618689452998748
CHAPS,a,1.0,N/A,0.0,6.396981967153418,0.9941933195618959
CHAPS,b,1.0,N/A,0.0,7.158757551470539,0.9919624287279358
CHAPS,c,1.0,N/A,0.0,7.407235765503708,0.9913703934607164
CAPB,b,1.0,N/A,0.0,0.7013683592883113,0.9194748340794201
CAPB,a,1.0,N/A,0.0,1.0207452818814469,0.9621995301700114
CAPB,c,1.0,N/A,0.0,0.8900641908778755,0.9511130981825453
SDS,N/A,0.05,NaC,0.95,11.215604911873127,0.9624480933475971
SDS,N/A,0.8,NaC,0.2,6.960496536180758,0.9610625702745678
SDS,N/A,0.2,NaC,0.8,7.872055875141189,0.9688041065675135
SDS,N/A,0.5,NaC,0.5,6.3827697881177485,0.9456741177162652
CAPB,N/A,0.2,CHAPS,0.8,2.6902697382257372,0.9187756748055735
CAPB,N/A,0.5,CHAPS,0.5,0.9893544265778624,0.9061852657333321
CAPB,N/A,0.05,CHAPS,0.95,5.06014439768759,0.9620993189923459
DTAB,N/A,0.5,CAPB,0.5,1.3931329363956981,0.8335447065809473
NaDC,N/A,0.5,NaC,0.5,4.739894210454037,0.9629083642469911
NaDC,N/A,0.2,NaC,0.8,8.39079438341481,0.9646710401717491
NaDC,N/A,0.05,NaC,0.95,13.038524041850675,0.9724567862924989
NaDC,N/A,0.8,CAPB,0.2,3.333169044235047,0.9701465278642581
SDS,N/A,0.8,NaDC,0.2,5.704389830822806,0.9366343551108176
SDS,N/A,0.2,NaDC,0.8,3.728162141906554,0.9476984884843934
SDS,N/A,0.95,NaDC,0.05,8.000600875396838,0.9261204711551391
NaDC,N/A,0.8,CHAPS,0.2,1.8407951948265688,0.9543027908662255
DTAB,N/A,0.5,TTAB,0.5,5.508155633818942,0.9110159895601069
TTAB,N/A,0.8,CHAPS,0.2,2.197917313051321,0.9077087936887396
DTAB,N/A,0.95,TTAB,0.05,12.271662994737628,0.9463852859299534
TTAB,N/A,0.05,CHAPS,0.95,3.0336312219444803,0.9142128726809929
CTAB,N/A,0.2,TTAB,0.8,2.430550562626289,0.895319258307184
CTAB,N/A,0.2,CAPB,0.8,0.9133453758921096,0.8063612037828183
CTAB,N/A,0.95,CAPB,0.05,1.0966851878292259,0.8897861085964481
CTAB,N/A,0.95,TTAB,0.05,1.1964714552000673,0.9444244703392228
CTAB,N/A,0.8,DTAB,0.2,1.3022985985931785,0.9244539832676156
CTAB,N/A,0.5,DTAB,0.5,1.6723378867967698,0.8804821502341376
CTAB,N/A,0.2,CHAPS,0.8,0.919691847968171,0.8958631487264995
DTAB,N/A,0.05,CHAPS,0.95,6.050266856819204,0.963291533856966
DTAB,N/A,0.8,TTAB,0.2,8.833682811651151,0.9367702365345416
DTAB,N/A,0.05,CAPB,0.95,1.1215006522560558,0.8715131752116616
SDS,N/A,0.95,NaC,0.05,7.615063319780734,0.9336590845165541
CTAB,N/A,0.8,TTAB,0.2,1.3166388577635797,0.9095138523978021
CTAB,N/A,0.05,CAPB,0.95,0.8620451058954345,0.9103086530154506
CAPB,N/A,0.95,CHAPS,0.05,0.8227446759709606,0.8334987036781554
CTAB,N/A,0.5,CAPB,0.5,0.9788225602692182,0.8654936345561669
CAPB,N/A,0.8,CHAPS,0.2,0.9712824940342161,0.8957127055670815
CTAB,N/A,0.5,CHAPS,0.5,0.807467505236562,0.8637937853440457
CTAB,N/A,0.8,CHAPS,0.2,0.7819415292865287,0.9711007718549743
CTAB,N/A,0.8,CAPB,0.2,1.1161090354699272,0.910075892709731
CTAB,N/A,0.05,CHAPS,0.95,1.7525367070316662,0.9199262542010429
SDS,N/A,0.05,CAPB,0.95,1.1079401445037256,0.8629082807695483
NaDC,N/A,0.05,CAPB,0.95,0.9434091923365838,0.8120196378801773
SDS,N/A,0.8,CAPB,0.2,3.06805255216337,0.6708212770984661
NaDC,N/A,0.2,CAPB,0.8,1.2521632777218588,0.8145001396968956
SDS,N/A,0.5,CAPB,0.5,1.6304216816096508,0.8575036202105852
NaDC,N/A,0.95,CAPB,0.05,3.513583132951983,0.9734101651324446
NaDC,N/A,0.5,CAPB,0.5,1.422371929625136,0.8251703345597599
SDS,N/A,0.2,CAPB,0.8,0.9446641905846883,0.7929086311669274
CTAB,N/A,0.5,TTAB,0.5,1.5608888146506388,0.9234397566613035
DTAB,N/A,0.2,TTAB,0.8,4.416578572485142,0.9105813292477388
DTAB,N/A,0.8,CAPB,0.2,2.863398861635328,0.8892189604334159
CTAB,N/A,0.05,TTAB,0.95,3.442233207531995,0.9068705063677643
DTAB,N/A,0.05,TTAB,0.95,4.227172998328409,0.9305331088322456
DTAB,N/A,0.95,CAPB,0.05,9.816075417527486,0.8818145533190146
DTAB,N/A,0.2,CAPB,0.8,1.0725916656951504,0.8601800835930604
TTAB,N/A,0.05,CAPB,0.95,0.7560292023376494,0.8280383161757101
TTAB,N/A,0.95,CAPB,0.05,3.7334997868183657,0.9352634269501552
TTAB,N/A,0.2,CAPB,0.8,1.187258193619681,0.9531128290477728
TTAB,N/A,0.2,CHAPS,0.8,2.3149196852818865,0.8661089771810445
TTAB,N/A,0.5,CHAPS,0.5,1.98785735765594,0.9719755042559609
TTAB,N/A,0.95,CHAPS,0.05,2.9971214427598682,0.882456579510547
TTAB,N/A,0.8,CAPB,0.2,2.9812127470248133,0.8449795164378626
TTAB,N/A,0.5,CAPB,0.5,1.5685159894398806,0.8686517099357107
NaC,N/A,0.2,CAPB,0.8,0.9231114442476733,0.8367552584150856
NaC,N/A,0.8,CAPB,0.2,3.308716269297487,0.8553550763768064
NaC,N/A,0.5,CAPB,0.5,1.4713339012656612,0.7997301854961172
NaC,N/A,0.05,CAPB,0.95,0.8335992376870127,0.8670176992665044
NaC,N/A,0.95,CAPB,0.05,10.489704642752475,0.958888595755707
NaC,N/A,0.5,CHAPS,0.5,7.189697908241301,0.9857331100929901
NaC,N/A,0.2,CHAPS,0.8,6.43726668074153,0.967308559198691
NaC,N/A,0.95,CHAPS,0.05,13.602970452689949,0.9746567339951971
NaC,N/A,0.05,CHAPS,0.95,6.456954800627613,0.9749650634661894
NaC,N/A,0.8,CHAPS,0.2,9.943639977675932,0.9859927639016911
CTAB,N/A,0.95,DTAB,0.05,1.149107941305733,0.9327994733253081
CTAB,N/A,0.95,CHAPS,0.05,1.1821509434428739,0.8588886915494505
DTAB,N/A,0.5,CHAPS,0.5,4.501280026667362,0.9298575273644892
CTAB,N/A,0.2,DTAB,0.8,2.7383150976755375,0.9014019711473495
DTAB,N/A,0.2,CHAPS,0.8,5.437200579869161,0.9380346075362045
DTAB,N/A,0.95,CHAPS,0.05,8.03216787976522,0.9152546133454635
DTAB,N/A,0.8,CHAPS,0.2,5.500885764648018,0.9149785898892954
CTAB,N/A,0.05,DTAB,0.95,5.79050737373017,0.9265668656994593
SDS,N/A,0.5,NaDC,0.5,4.473128831309484,0.9755347807090391
SDS,N/A,0.05,CHAPS,0.95,2.4327457507770207,0.9691180410805051
SDS,N/A,0.8,CHAPS,0.2,0.9130816111348025,0.7549532434229899
SDS,N/A,0.05,NaDC,0.95,3.998260291069586,0.9739354001786822
SDS,N/A,0.5,CHAPS,0.5,1.2614310792587649,0.942926179823004
SDS,N/A,0.2,CHAPS,0.8,1.5686252935046254,0.9418274517270466
SDS,N/A,0.95,CAPB,0.05,6.957342700832101,0.7183436101739695
SDS,N/A,0.95,CHAPS,0.05,2.611170489273854,0.9417448930728425
NaDC,N/A,0.95,CHAPS,0.05,2.798152792178829,0.9717423722270178
NaDC,N/A,0.2,CHAPS,0.8,1.9935615804879332,0.9830563757002476
NaDC,N/A,0.95,NaC,0.05,3.981513591602878,0.8411836538924711
NaDC,N/A,0.5,CHAPS,0.5,1.7178958958365436,0.9159939952262617
NaDC,N/A,0.8,NaC,0.2,5.1413080378391784,0.9471697520597161
NaDC,N/A,0.05,CHAPS,0.95,2.8661260661836905,0.9505080765482352
